famille,titre,url_pdf_fiche_emploi
Action sociale,Travailleur social,https://drhfpnc.gouv.nc/sites/default/files/atoms/files/12953804.PDF
Action sociale,Responsable socio éducatif,https://drhfpnc.gouv.nc/sites/default/files/atoms/files/12953800.PDF
Action sociale,Responsable de la tutelle des établissements de protection sociale,https://drhfpnc.gouv.nc/sites/default/files/atoms/files/12953802.PDF
Action sociale,Educateur spécialisé,https://drhfpnc.gouv.nc/sites/default/files/atoms/files/12952226.PDF
Action sociale,Directeur d’établissement socio-éducatif,https://drhfpnc.gouv.nc/sites/default/files/atoms/files/12952224.PDF
Action sociale,Auxiliaire de vie,https://drhfpnc.gouv.nc/sites/default/files/atoms/files/12952222.PDF
"Administration générale",Secrétaire sténographe,https://drhfpnc.gouv.nc/sites/default/files/atoms/files/12957420.PDF
"Administration générale",Secrétaire rédacteur,https://drhfpnc.gouv.nc/sites/default/files/atoms/files/12957418.PDF
"Administration générale",Secrétaire médicale,https://drhfpnc.gouv.nc/sites/default/files/atoms/files/12957370.PDF
"Administration générale",Secrétaire,https://drhfpnc.gouv.nc/sites/default/files/atoms/files/12957368.PDF
"Administration générale",Responsable administratif,https://drhfpnc.gouv.nc/sites/default/files/atoms/files/12957366.PDF
"Administration générale",Officier public coutumier,https://drhfpnc.gouv.nc/sites/default/files/atoms/files/12957364.PDF
"Administration générale",Gestionnaire des marchés publics,https://drhfpnc.gouv.nc/sites/default/files/atoms/files/12957160.PDF
"Administration générale",Documentaliste,https://drhfpnc.gouv.nc/sites/default/files/atoms/files/12957158.PDF
"Administration générale",Chargé des aides,https://drhfpnc.gouv.nc/sites/default/files/atoms/files/12957156.PDF
"Administration générale",Chargé d'accueil,https://drhfpnc.gouv.nc/sites/default/files/atoms/files/12957154.PDF
"Administration générale",Assistant de direction,https://drhfpnc.gouv.nc/sites/default/files/atoms/files/12957152.PDF
"Administration générale",Assistant administratif,https://drhfpnc.gouv.nc/sites/default/files/atoms/files/12957150.PDF
"Administration générale",Archiviste,https://drhfpnc.gouv.nc/sites/default/files/atoms/files/12957148.PDF
"Agriculture et mer",Vétérinaire praticien,https://drhfpnc.gouv.nc/sites/default/files/atoms/files/12956350.PDF
"Agriculture et mer",Technicien rural,https://drhfpnc.gouv.nc/sites/default/files/atoms/files/12956348.PDF
"Agriculture et mer",Soigneur d’animaux,https://drhfpnc.gouv.nc/sites/default/files/atoms/files/12956346.PDF
"Agriculture et mer",Responsable de production végétale,https://drhfpnc.gouv.nc/sites/default/files/atoms/files/12956344.PDF
"Agriculture et mer",Pépiniériste,https://drhfpnc.gouv.nc/sites/default/files/atoms/files/12956342.PDF
"Agriculture et mer",Maître de pêches,https://drhfpnc.gouv.nc/sites/default/files/atoms/files/12956340.PDF
"Agriculture et mer",Expert technique rural,https://drhfpnc.gouv.nc/sites/default/files/atoms/files/12956338.PDF
"Agriculture et mer",Economiste des pêches maritimes,https://drhfpnc.gouv.nc/sites/default/files/atoms/files/12956372.PDF
"Agriculture et mer",Coordonnateur agricole,https://drhfpnc.gouv.nc/sites/default/files/atoms/files/12956128.PDF
"Agriculture et mer",Conseiller en gestion agricole,https://drhfpnc.gouv.nc/sites/default/files/atoms/files/12956126.PDF
"Agriculture et mer",Animateur des pêches,https://drhfpnc.gouv.nc/sites/default/files/atoms/files/12956124.PDF
Animation,Accompagnateur de transport scolaire,https://drhfpnc.gouv.nc/sites/default/files/atoms/files/12952076.PDF
Animation,Surveillant/animateur scolaire,https://drhfpnc.gouv.nc/sites/default/files/atoms/files/12952090.PDF
Animation,Educateur jeunesse et sport,https://drhfpnc.gouv.nc/sites/default/files/atoms/files/12952088.PDF
Animation,Coordonnateur des surveillants et des animateurs des écoles,https://drhfpnc.gouv.nc/sites/default/files/atoms/files/12952086.PDF
Animation,Conseiller jeunesse et sports,https://drhfpnc.gouv.nc/sites/default/files/atoms/files/12952084.PDF
Animation,Cadre technique sportif,https://drhfpnc.gouv.nc/sites/default/files/atoms/files/12952082.PDF
Animation,Attaché des activités physiques et sportives,https://drhfpnc.gouv.nc/sites/default/files/atoms/files/12952080.PDF
Animation,Animateur loisirs,https://drhfpnc.gouv.nc/sites/default/files/atoms/files/12952078.PDF
"Ateliers et véhicules",Aide mécanicien,https://drhfpnc.gouv.nc/sites/default/files/atoms/files/12957424.PDF
"Ateliers et véhicules",Agent de station service,https://drhfpnc.gouv.nc/sites/default/files/atoms/files/12957422.PDF
"Ateliers et véhicules",Vaguemestre,https://drhfpnc.gouv.nc/sites/default/files/atoms/files/12957436.PDF
"Ateliers et véhicules",Responsable d'atelier,https://drhfpnc.gouv.nc/sites/default/files/atoms/files/12957434.PDF
"Ateliers et véhicules",Mécanicien,https://drhfpnc.gouv.nc/sites/default/files/atoms/files/12957432.PDF
"Ateliers et véhicules",Gestionnaire de parc,https://drhfpnc.gouv.nc/sites/default/files/atoms/files/12957430.PDF
"Ateliers et véhicules",Conducteur d'engins,https://drhfpnc.gouv.nc/sites/default/files/atoms/files/12957426.PDF
"Ateliers et véhicules",Conducteur de véhicules poids lourds,https://drhfpnc.gouv.nc/sites/default/files/atoms/files/12957428.PDF
"Aviation civile",Responsable aviation civile,https://drhfpnc.gouv.nc/sites/default/files/atoms/files/12956622.PDF
"Aviation civile",Pompier d'aérodrome,https://drhfpnc.gouv.nc/sites/default/files/atoms/files/12956620.PDF
"Aviation civile",Pilote inspecteur,https://drhfpnc.gouv.nc/sites/default/files/atoms/files/12956618.PDF
"Aviation civile",Inspecteur,https://drhfpnc.gouv.nc/sites/default/files/atoms/files/12956616.PDF
"Aviation civile",Gestionnaire des dossiers techniques de surveillance,https://drhfpnc.gouv.nc/sites/default/files/atoms/files/12956614.PDF
"Aviation civile",Electronicien chargé des systèmes techniques de la navigation aérienne,https://drhfpnc.gouv.nc/sites/default/files/atoms/files/12956612.PDF
"Aviation civile",Electricien chargé des systèmes techniques de la navigation aérienne,https://drhfpnc.gouv.nc/sites/default/files/atoms/files/12956644.PDF
"Aviation civile",Contrôleur technique d’exploitation,https://drhfpnc.gouv.nc/sites/default/files/atoms/files/12956402.PDF
"Aviation civile",Contrôleur aérien en route / approche,https://drhfpnc.gouv.nc/sites/default/files/atoms/files/12956400.PDF
"Aviation civile",Contrôleur aérien d’aérodrome,https://drhfpnc.gouv.nc/sites/default/files/atoms/files/12956398.PDF
"Aviation civile",Chargé d’études ou d’opérations d’infrastructures aéronautiques,https://drhfpnc.gouv.nc/sites/default/files/atoms/files/12956396.PDF
"Aviation civile",Assistant technique Navigation Aérienne et sécurité,https://drhfpnc.gouv.nc/sites/default/files/atoms/files/12956394.PDF
"Aviation civile","Agent chargé de l’assistance aux pilotes, du traitement et de la fourniture de l’information aéronautique et de la gestion des données",https://drhfpnc.gouv.nc/sites/default/files/atoms/files/12956392.PDF
Communication,Webmestre,https://drhfpnc.gouv.nc/sites/default/files/atoms/files/12952216.PDF
Communication,Secrétaire de rédaction,https://drhfpnc.gouv.nc/sites/default/files/atoms/files/12952214.PDF
Communication,Responsable de la publicité et de l'image,https://drhfpnc.gouv.nc/sites/default/files/atoms/files/12952212.PDF
Communication,Responsable de communication interne,https://drhfpnc.gouv.nc/sites/default/files/atoms/files/12952210.PDF
Communication,Rédacteur en chef,https://drhfpnc.gouv.nc/sites/default/files/atoms/files/12952208.PDF
Communication,Photographe vidéaste,https://drhfpnc.gouv.nc/sites/default/files/atoms/files/12952206.PDF
Communication,Journaliste,https://drhfpnc.gouv.nc/sites/default/files/atoms/files/12952204.PDF
Communication,Infographiste,https://drhfpnc.gouv.nc/sites/default/files/atoms/files/12952202.PDF
Communication,Correcteur,https://drhfpnc.gouv.nc/sites/default/files/atoms/files/12952200.PDF
Communication,Chargé de communication,https://drhfpnc.gouv.nc/sites/default/files/atoms/files/12953468.PDF
Culture,Responsable d’établissement culturel,https://drhfpnc.gouv.nc/sites/default/files/atoms/files/12952112.PDF
Culture,Régisseur général,https://drhfpnc.gouv.nc/sites/default/files/atoms/files/12952108.PDF
Culture,Régisseur d'oeuvres,https://drhfpnc.gouv.nc/sites/default/files/atoms/files/12952110.PDF
Culture,Médiateur culturel,https://drhfpnc.gouv.nc/sites/default/files/atoms/files/12952106.PDF
Culture,Magasinier,https://drhfpnc.gouv.nc/sites/default/files/atoms/files/12952104.PDF
Culture,Documentaliste audiovisuel,https://drhfpnc.gouv.nc/sites/default/files/atoms/files/12952102.PDF
Culture,Conservateur/restaurateur de biens culturels,https://drhfpnc.gouv.nc/sites/default/files/atoms/files/12952098.PDF
Culture,Conservateur de musée,https://drhfpnc.gouv.nc/sites/default/files/atoms/files/12952100.PDF
Culture,Chargé d'actions culturelles,https://drhfpnc.gouv.nc/sites/default/files/atoms/files/12952096.PDF
Culture,Bibliothécaire,https://drhfpnc.gouv.nc/sites/default/files/atoms/files/12952094.PDF
Culture,Assistant régisseur,https://drhfpnc.gouv.nc/sites/default/files/atoms/files/12952092.PDF
"Développement du territoire","Animateur territorial, secteur tourisme",https://drhfpnc.gouv.nc/sites/default/files/atoms/files/12955538.PDF
"Développement du territoire","Animateur territorial, secteur de l’artisanat, de l’industrie, du commerce et des services",https://drhfpnc.gouv.nc/sites/default/files/atoms/files/12955536.PDF
"Développement du territoire",Contrôleur des surfaces commerciales autorisées,https://drhfpnc.gouv.nc/sites/default/files/atoms/files/12955546.PDF
"Développement du territoire","Chef de projet du développement territorial, secteur de l’artisanat, de l’industrie, du commerce et des services",https://drhfpnc.gouv.nc/sites/default/files/atoms/files/12955544.PDF
"Développement du territoire",Chef de projet chargé du développement du secteur touristique,https://drhfpnc.gouv.nc/sites/default/files/atoms/files/12955542.PDF
"Développement du territoire",Chargé d’études en urbanisme commercial,https://drhfpnc.gouv.nc/sites/default/files/atoms/files/12955540.PDF
Education,Psychologue scolaire,https://drhfpnc.gouv.nc/sites/default/files/atoms/files/12952144.PDF
Education,Inspecteur d'enseignement du second degré,https://drhfpnc.gouv.nc/sites/default/files/atoms/files/12952140.PDF
Education,Inspecteur de l’enseignement primaire de circonscription,https://drhfpnc.gouv.nc/sites/default/files/atoms/files/12952142.PDF
Education,Gestionnaire d'établissement scolaire,https://drhfpnc.gouv.nc/sites/default/files/atoms/files/12952138.PDF
Education,"Gestionnaire administratif, profil éducation",https://drhfpnc.gouv.nc/sites/default/files/atoms/files/12952136.PDF
Education,Enseignant du second degré,https://drhfpnc.gouv.nc/sites/default/files/atoms/files/12952134.PDF
Education,Enseignant du premier degré,https://drhfpnc.gouv.nc/sites/default/files/atoms/files/12952132.PDF
Education,Directeur d'internat,https://drhfpnc.gouv.nc/sites/default/files/atoms/files/12952130.PDF
Education,Directeur d'école,https://drhfpnc.gouv.nc/sites/default/files/atoms/files/12952128.PDF
Education,Directeur chargé d’une section d’enseignement général et professionnel adapté (SEGPA),https://drhfpnc.gouv.nc/sites/default/files/atoms/files/12952126.PDF
Education,Conseiller principal d'éducation,https://drhfpnc.gouv.nc/sites/default/files/atoms/files/12952124.PDF
Education,Conseiller pédagogique,https://drhfpnc.gouv.nc/sites/default/files/atoms/files/12952122.PDF
Education,Conseiller d’orientation psychologue (COP),https://drhfpnc.gouv.nc/sites/default/files/atoms/files/12952120.PDF
Education,Chef d'établissement scolaire,https://drhfpnc.gouv.nc/sites/default/files/atoms/files/12952118.PDF
Education,Assistant maternel,https://drhfpnc.gouv.nc/sites/default/files/atoms/files/12952116.PDF
Education,Adjoint d'éducation,https://drhfpnc.gouv.nc/sites/default/files/atoms/files/12952114.PDF
"Entretien, surveillance et logistique",Manutentionnaire,https://drhfpnc.gouv.nc/sites/default/files/atoms/files/12953320.PDF
"Entretien, surveillance et logistique",Gestionnaire logistique,https://drhfpnc.gouv.nc/sites/default/files/atoms/files/12953318.PDF
"Entretien, surveillance et logistique",Coordonnateur d’entretien des locaux,https://drhfpnc.gouv.nc/sites/default/files/atoms/files/12953316.PDF
"Entretien, surveillance et logistique",Agent d’entretien des locaux,https://drhfpnc.gouv.nc/sites/default/files/atoms/files/12953314.PDF
"Entretien, surveillance et logistique",Agent de gardiennage et de surveillance,https://drhfpnc.gouv.nc/sites/default/files/atoms/files/12953310.PDF
"Entretien, surveillance et logistique",Agent de distribution,https://drhfpnc.gouv.nc/sites/default/files/atoms/files/12953312.PDF
Environnement,Technicien cours d’eau,https://drhfpnc.gouv.nc/sites/default/files/atoms/files/12953822.PDF
Environnement,Responsable de parc,https://drhfpnc.gouv.nc/sites/default/files/atoms/files/12953818.PDF
Environnement,Responsable de la gestion des espaces naturels,https://drhfpnc.gouv.nc/sites/default/files/atoms/files/12953820.PDF
Environnement,Opérateur hydro-métricien,https://drhfpnc.gouv.nc/sites/default/files/atoms/files/12953816.PDF
Environnement,Inspecteur des installations classées pour la protection de l’environnement (ICPE),https://drhfpnc.gouv.nc/sites/default/files/atoms/files/12953814.PDF
Environnement,Ingénieur hydrologue/hydraulicien,https://drhfpnc.gouv.nc/sites/default/files/atoms/files/12953812.PDF
Environnement,Garde nature,https://drhfpnc.gouv.nc/sites/default/files/atoms/files/12953810.PDF
Environnement,Chargé d'études d'impact environnemental,https://drhfpnc.gouv.nc/sites/default/files/atoms/files/12953806.PDF
Environnement,Chargé de la protection du lagon,https://drhfpnc.gouv.nc/sites/default/files/atoms/files/12953808.PDF
Espaces verts,Responsable de la gestion des espaces verts,https://drhfpnc.gouv.nc/sites/default/files/atoms/files/12957652.PDF
Espaces verts,Dessinateur paysagé,https://drhfpnc.gouv.nc/sites/default/files/atoms/files/12957650.PDF
Espaces verts,Conducteur de travaux espaces verts,https://drhfpnc.gouv.nc/sites/default/files/atoms/files/12957648.PDF
Espaces verts,Architecte paysagiste,https://drhfpnc.gouv.nc/sites/default/files/atoms/files/12957646.PDF
Espaces verts,Agent d'entretien des espaces naturels,https://drhfpnc.gouv.nc/sites/default/files/atoms/files/12957438.PDF
Espaces verts,Agent de maintenance des aires de jeux,https://drhfpnc.gouv.nc/sites/default/files/atoms/files/12957644.PDF
Finances et budget,Analyste financier,https://drhfpnc.gouv.nc/sites/default/files/atoms/files/12952004.PDF
Finances et budget,Chef de projet système d'information finance,https://drhfpnc.gouv.nc/sites/default/files/atoms/files/12953002.PDF
Finances et budget,Contrôleur financier,https://drhfpnc.gouv.nc/sites/default/files/atoms/files/12953004.PDF
Finances et budget,Gestionnaire budgétaire,https://drhfpnc.gouv.nc/sites/default/files/atoms/files/12953006.PDF
Finances et budget,Gestionnaire comptable,https://drhfpnc.gouv.nc/sites/default/files/atoms/files/12952006.PDF
Finances et budget,Régisseur,https://drhfpnc.gouv.nc/sites/default/files/atoms/files/12953008.PDF
Finances et budget,Responsable financier,https://drhfpnc.gouv.nc/sites/default/files/atoms/files/12953010.PDF
"Fiscalité et Trésor / douanes / affaires économiques",Agent de contrôle de la surveillance,https://drhfpnc.gouv.nc/sites/default/files/atoms/files/12952008.PDF
"Fiscalité et Trésor / douanes / affaires économiques",Agent de la conservation des hypothèques,https://drhfpnc.gouv.nc/sites/default/files/atoms/files/12952010.PDF
"Fiscalité et Trésor / douanes / affaires économiques","Chargé de l'assiette des impôts, droits et taxes",https://drhfpnc.gouv.nc/sites/default/files/atoms/files/12952012.PDF
"Fiscalité et Trésor / douanes / affaires économiques","Chargé du recouvrement des impôts, droitset taxes",https://drhfpnc.gouv.nc/sites/default/files/atoms/files/12952014.PDF
"Fiscalité et Trésor / douanes / affaires économiques",Enquêteur,https://drhfpnc.gouv.nc/sites/default/files/atoms/files/12952016.PDF
"Fiscalité et Trésor / douanes / affaires économiques",Evaluateur des politiques fiscaleset économiques,https://drhfpnc.gouv.nc/sites/default/files/atoms/files/12952018.PDF
"Fiscalité et Trésor / douanes / affaires économiques",Gestionnaire du domaine,https://drhfpnc.gouv.nc/sites/default/files/atoms/files/12952020.PDF
"Fiscalité et Trésor / douanes / affaires économiques",Juriste contentieux,https://drhfpnc.gouv.nc/sites/default/files/atoms/files/12952022.PDF
"Formation professionnelle",Administrateur fonctionnel de formation,https://drhfpnc.gouv.nc/sites/default/files/atoms/files/12954572.PDF
"Formation professionnelle",Conseiller à l'emploi et à l'insertion,https://drhfpnc.gouv.nc/sites/default/files/atoms/files/12954562.PDF
"Formation professionnelle",Consultant emploi/formation,https://drhfpnc.gouv.nc/sites/default/files/atoms/files/12954564.PDF
"Formation professionnelle",Formateur,https://drhfpnc.gouv.nc/sites/default/files/atoms/files/12954574.PDF
"Formation professionnelle",Ingénieur de la certification professionnelle,https://drhfpnc.gouv.nc/sites/default/files/atoms/files/12954566.PDF
"Formation professionnelle",Ingénieur formation,https://drhfpnc.gouv.nc/sites/default/files/atoms/files/12954568.PDF
"Formation professionnelle",Inspecteur/contrôleur de la formation professionnelle,https://drhfpnc.gouv.nc/sites/default/files/atoms/files/12954570.PDF
"Habitat et logement",Responsable habitat,https://drhfpnc.gouv.nc/sites/default/files/atoms/files/12952148.PDF
"Habitat et logement",Chargé d'opérations habitat,https://drhfpnc.gouv.nc/sites/default/files/atoms/files/12952146.PDF
Imprimerie,Responsable imprimerie,https://drhfpnc.gouv.nc/sites/default/files/atoms/files/12953328.PDF
Imprimerie,Opérateur imprimerie,https://drhfpnc.gouv.nc/sites/default/files/atoms/files/12953326.PDF
Imprimerie,Opérateur de composition,https://drhfpnc.gouv.nc/sites/default/files/atoms/files/12953324.PDF
Imprimerie,Imprimeur – reprographe,https://drhfpnc.gouv.nc/sites/default/files/atoms/files/12953322.PDF
"Incendie et secours",Equipier,https://drhfpnc.gouv.nc/sites/default/files/atoms/files/12957664.PDF
"Incendie et secours",Chef d'équipe,https://drhfpnc.gouv.nc/sites/default/files/atoms/files/12957662.PDF
"Incendie et secours",Chef de groupe,https://drhfpnc.gouv.nc/sites/default/files/atoms/files/12957660.PDF
"Incendie et secours",Chef de garde,https://drhfpnc.gouv.nc/sites/default/files/atoms/files/12957658.PDF
"Incendie et secours",Chef de Centre Incendie Secours (CIS),https://drhfpnc.gouv.nc/sites/default/files/atoms/files/12957656.PDF
"Incendie et secours",Chef d'agrès,https://drhfpnc.gouv.nc/sites/default/files/atoms/files/12957654.PDF
"Infrastructures, réseaux, eaux et assainissements",Surveillant d'exploitation et/ou de travaux en infrastructures,https://drhfpnc.gouv.nc/sites/default/files/atoms/files/12953868.PDF
"Infrastructures, réseaux, eaux et assainissements",Responsable d'opérations en infrastructures,https://drhfpnc.gouv.nc/sites/default/files/atoms/files/12953866.PDF
"Infrastructures, réseaux, eaux et assainissements",Responsable d'exploitation et conducteur de travaux en infrastructures,https://drhfpnc.gouv.nc/sites/default/files/atoms/files/12953864.PDF
"Infrastructures, réseaux, eaux et assainissements",Dessinateur projeteur en infrastructures et réseaux,https://drhfpnc.gouv.nc/sites/default/files/atoms/files/12953862.PDF
"Infrastructures, réseaux, eaux et assainissements",Chef de projet infrastructures,https://drhfpnc.gouv.nc/sites/default/files/atoms/files/12953860.PDF
"Infrastructures, réseaux, eaux et assainissements",Assistant technique en infrastructures,https://drhfpnc.gouv.nc/sites/default/files/atoms/files/12953858.PDF
"Infrastructures, réseaux, eaux et assainissements",Agent d'entretien et d'exploitation en infrastructures et réseaux,https://drhfpnc.gouv.nc/sites/default/files/atoms/files/12953856.PDF
"Ingénierie industrielle minière et énergétique",Inspecteur énergie,https://drhfpnc.gouv.nc/sites/default/files/atoms/files/12953338.PDF
"Ingénierie industrielle minière et énergétique",Inspecteur de l'industrie et des mines,https://drhfpnc.gouv.nc/sites/default/files/atoms/files/12956064.PDF
"Ingénierie industrielle minière et énergétique",Ingénieur hydrogéologue,https://drhfpnc.gouv.nc/sites/default/files/atoms/files/12953336.PDF
"Ingénierie industrielle minière et énergétique",Ingénieur géologue,https://drhfpnc.gouv.nc/sites/default/files/atoms/files/12953334.PDF
"Ingénierie industrielle minière et énergétique",Chargé d'études industrielles et minières,https://drhfpnc.gouv.nc/sites/default/files/atoms/files/12953332.PDF
"Ingénierie industrielle minière et énergétique",Chargé d'affaires énergie,https://drhfpnc.gouv.nc/sites/default/files/atoms/files/12953330.PDF
"Ingénierie industrielle minière et énergétique",Technicien géologue,https://drhfpnc.gouv.nc/sites/default/files/atoms/files/12956066.PDF
"Ingénierie juridique",Responsable des affaires juridiques,https://drhfpnc.gouv.nc/sites/default/files/atoms/files/12953466.PDF
"Ingénierie juridique",Légisticien,https://drhfpnc.gouv.nc/sites/default/files/atoms/files/12953464.PDF
"Ingénierie juridique",Chargé d'études juridiques,https://drhfpnc.gouv.nc/sites/default/files/atoms/files/12953462.PDF
"Ingénierie juridique",Assistant juridique et/ou légistique,https://drhfpnc.gouv.nc/sites/default/files/atoms/files/12953460.PDF
Laboratoire,Technicien qualité de laboratoire,https://drhfpnc.gouv.nc/sites/default/files/atoms/files/12953304.PDF
Laboratoire,Technicien de laboratoire,https://drhfpnc.gouv.nc/sites/default/files/atoms/files/12953308.PDF
Laboratoire,Responsable de laboratoire,https://drhfpnc.gouv.nc/sites/default/files/atoms/files/12953306.PDF
Laboratoire,Ingenieur qualité de laboratoire,https://drhfpnc.gouv.nc/sites/default/files/atoms/files/12953302.PDF
Laboratoire,Cadre de laboratoire,https://drhfpnc.gouv.nc/sites/default/files/atoms/files/12953300.PDF
Laboratoire,Aide laboratoire,https://drhfpnc.gouv.nc/sites/default/files/atoms/files/12953298.PDF
Météo,Technicien supervision informatique et télécommunications,https://drhfpnc.gouv.nc/sites/default/files/atoms/files/12952156.PDF
Météo,Technicien de maintenance et d' installation d'équipements météorologiques,https://drhfpnc.gouv.nc/sites/default/files/atoms/files/12952154.PDF
Météo,Technicien climatologue,https://drhfpnc.gouv.nc/sites/default/files/atoms/files/12952152.PDF
Météo,Prévisionniste/exploitant météo,https://drhfpnc.gouv.nc/sites/default/files/atoms/files/12952150.PDF
"Patrimoine bâti",Peintre en bâtiment,https://drhfpnc.gouv.nc/sites/default/files/atoms/files/12955396.PDF
"Patrimoine bâti",Technicien d’études de bâtiment,https://drhfpnc.gouv.nc/sites/default/files/atoms/files/12955406.PDF
"Patrimoine bâti",Surveillant de travaux en bâtiment,https://drhfpnc.gouv.nc/sites/default/files/atoms/files/12955404.PDF
"Patrimoine bâti",Responsable des constructions,https://drhfpnc.gouv.nc/sites/default/files/atoms/files/12955402.PDF
"Patrimoine bâti",Plombier du bâtiment,https://drhfpnc.gouv.nc/sites/default/files/atoms/files/12955400.PDF
"Patrimoine bâti",Plâtrier de chantier,https://drhfpnc.gouv.nc/sites/default/files/atoms/files/12955398.PDF
"Patrimoine bâti",Ouvrier polyvalent,https://drhfpnc.gouv.nc/sites/default/files/atoms/files/12955394.PDF
"Patrimoine bâti",Menuisier de chantier,https://drhfpnc.gouv.nc/sites/default/files/atoms/files/12955392.PDF
"Patrimoine bâti",Maçon,https://drhfpnc.gouv.nc/sites/default/files/atoms/files/12955390.PDF
"Patrimoine bâti",Ingénieur d’études en bâtiment,https://drhfpnc.gouv.nc/sites/default/files/atoms/files/12955388.PDF
"Patrimoine bâti",Electricien du bâtiment,https://drhfpnc.gouv.nc/sites/default/files/atoms/files/12955386.PDF
"Patrimoine bâti",Dessinateur projeteur en bâtiment,https://drhfpnc.gouv.nc/sites/default/files/atoms/files/12955384.PDF
"Patrimoine bâti",Contrôleur de travaux en bâtiment,https://drhfpnc.gouv.nc/sites/default/files/atoms/files/12955382.PDF
"Patrimoine bâti",Conducteur d’opérations en bâtiment,https://drhfpnc.gouv.nc/sites/default/files/atoms/files/12955380.PDF
"Patrimoine bâti",Architecte,https://drhfpnc.gouv.nc/sites/default/files/atoms/files/12955378.PDF
Pilotage,Statisticien,https://drhfpnc.gouv.nc/sites/default/files/atoms/files/12954124.PDF
Pilotage,Chef de projet maîtrise d'ouvrage système information,https://drhfpnc.gouv.nc/sites/default/files/atoms/files/12957666.PDF
Pilotage,Contrôleur de gestion,https://drhfpnc.gouv.nc/sites/default/files/atoms/files/12957712.PDF
Pilotage,Directeur,https://drhfpnc.gouv.nc/sites/default/files/atoms/files/12957714.PDF
Pilotage,Responsable qualité,https://drhfpnc.gouv.nc/sites/default/files/atoms/files/12957716.PDF
"Politique de santé publique",Technicien de santé environnementale,https://drhfpnc.gouv.nc/sites/default/files/atoms/files/12953398.PDF
"Politique de santé publique",Sage-femme de santé publique,https://drhfpnc.gouv.nc/sites/default/files/atoms/files/12953396.PDF
"Politique de santé publique",Responsable en santé environnementale,https://drhfpnc.gouv.nc/sites/default/files/atoms/files/12953394.PDF
"Politique de santé publique",Responsable de programmes santé publique,https://drhfpnc.gouv.nc/sites/default/files/atoms/files/12953392.PDF
"Politique de santé publique",Médecin conseil,https://drhfpnc.gouv.nc/sites/default/files/atoms/files/12953390.PDF
"Politique de santé publique",Ingenieur qualité des eaux,https://drhfpnc.gouv.nc/sites/default/files/atoms/files/12953388.PDF
"Politique de santé publique",Infirmier de santé publique,https://drhfpnc.gouv.nc/sites/default/files/atoms/files/12953386.PDF
"Politique de santé publique",Epidemiologiste,https://drhfpnc.gouv.nc/sites/default/files/atoms/files/12953384.PDF
"Politique de santé publique",Educateur sanitaire,https://drhfpnc.gouv.nc/sites/default/files/atoms/files/12953382.PDF
"Politique de santé publique",Economiste de la santé,https://drhfpnc.gouv.nc/sites/default/files/atoms/files/12953380.PDF
"Politique de santé publique",Agent de santé communautaire,https://drhfpnc.gouv.nc/sites/default/files/atoms/files/12953378.PDF
"Population et affaires funéraires",Responsable de chambre funéraire,https://drhfpnc.gouv.nc/sites/default/files/atoms/files/12954778.PDF
"Population et affaires funéraires",Gestionnaire d’état civil,https://drhfpnc.gouv.nc/sites/default/files/atoms/files/12954776.PDF
"Population et affaires funéraires",Gardien de cimetière,https://drhfpnc.gouv.nc/sites/default/files/atoms/files/12954774.PDF
"Population et affaires funéraires",Conservateur de cimetière,https://drhfpnc.gouv.nc/sites/default/files/atoms/files/12954772.PDF
"Population et affaires funéraires",Agent de chambre funéraire,https://drhfpnc.gouv.nc/sites/default/files/atoms/files/12954770.PDF
"Postes et télécommunications",Technicien réseaux télécoms,https://drhfpnc.gouv.nc/sites/default/files/atoms/files/12956104.PDF
"Postes et télécommunications",Responsable service bureau d'études,https://drhfpnc.gouv.nc/sites/default/files/atoms/files/12956100.PDF
"Postes et télécommunications",Responsable production/exploitation/maintenance,https://drhfpnc.gouv.nc/sites/default/files/atoms/files/12956098.PDF
"Postes et télécommunications",Responsable opérationnel,https://drhfpnc.gouv.nc/sites/default/files/atoms/files/12956096.PDF
"Postes et télécommunications",Responsable marketing de télécommunications,https://drhfpnc.gouv.nc/sites/default/files/atoms/files/12956094.PDF
"Postes et télécommunications",Responsable études et réglementation bancaire,https://drhfpnc.gouv.nc/sites/default/files/atoms/files/12956092.PDF
"Postes et télécommunications",Responsable de structure commerciale,https://drhfpnc.gouv.nc/sites/default/files/atoms/files/12956102.PDF
"Postes et télécommunications",Guichetier,https://drhfpnc.gouv.nc/sites/default/files/atoms/files/12956090.PDF
"Postes et télécommunications",Conseiller financier,https://drhfpnc.gouv.nc/sites/default/files/atoms/files/12956088.PDF
"Postes et télécommunications",Concepteur de réseaux de télécommunications,https://drhfpnc.gouv.nc/sites/default/files/atoms/files/12956086.PDF
"Postes et télécommunications",Commercial grand public,https://drhfpnc.gouv.nc/sites/default/files/atoms/files/12956084.PDF
"Postes et télécommunications",Commercial entreprises et grands comptes,https://drhfpnc.gouv.nc/sites/default/files/atoms/files/12956082.PDF
"Postes et télécommunications",Chef de produits télécoms,https://drhfpnc.gouv.nc/sites/default/files/atoms/files/12956080.PDF
"Postes et télécommunications",Chargé d'exploitation bancaire,https://drhfpnc.gouv.nc/sites/default/files/atoms/files/12956078.PDF
"Postes et télécommunications",Chargé d'affaires,https://drhfpnc.gouv.nc/sites/default/files/atoms/files/12956076.PDF
"Postes et télécommunications",Assistant commercial grands comptes,https://drhfpnc.gouv.nc/sites/default/files/atoms/files/12956074.PDF
"Postes et télécommunications",Architecte de réseaux de télécommunications,https://drhfpnc.gouv.nc/sites/default/files/atoms/files/12956072.PDF
"Postes et télécommunications",Animateur réseau,https://drhfpnc.gouv.nc/sites/default/files/atoms/files/12956070.PDF
"Postes et télécommunications",Agent de distribution postale,https://drhfpnc.gouv.nc/sites/default/files/atoms/files/12956068.PDF
"Propreté et gestion des déchets",Technicien gestion des déchets,https://drhfpnc.gouv.nc/sites/default/files/atoms/files/12956390.PDF
"Propreté et gestion des déchets",Ingénieur gestion des déchets,https://drhfpnc.gouv.nc/sites/default/files/atoms/files/12956388.PDF
"Propreté et gestion des déchets",Agent de propreté,https://drhfpnc.gouv.nc/sites/default/files/atoms/files/12956386.PDF
"Propreté et gestion des déchets",Agent de déchetterie,https://drhfpnc.gouv.nc/sites/default/files/atoms/files/12956384.PDF
"Prévention et sécurité",Technicien supérieur de sécurité incendie,https://drhfpnc.gouv.nc/sites/default/files/atoms/files/12956380.PDF
"Prévention et sécurité",Technicien supérieur de sécurité anti-malveillance,https://drhfpnc.gouv.nc/sites/default/files/atoms/files/12956382.PDF
"Prévention et sécurité",Technicien de sécurité incendie,https://drhfpnc.gouv.nc/sites/default/files/atoms/files/12956378.PDF
"Prévention et sécurité",Responsable de police municipale,https://drhfpnc.gouv.nc/sites/default/files/atoms/files/12956376.PDF
"Prévention et sécurité",Policier municipal,https://drhfpnc.gouv.nc/sites/default/files/atoms/files/12956374.PDF
"Prévention et sécurité",Opérateur vidéo-protection,https://drhfpnc.gouv.nc/sites/default/files/atoms/files/12956370.PDF
"Prévention et sécurité",Gradé de police municipale,https://drhfpnc.gouv.nc/sites/default/files/atoms/files/12956368.PDF
"Prévention et sécurité",Gestionnaire de fourrière,https://drhfpnc.gouv.nc/sites/default/files/atoms/files/12956366.PDF
"Prévention et sécurité",Garde champêtre,https://drhfpnc.gouv.nc/sites/default/files/atoms/files/12956364.PDF
"Prévention et sécurité",Chef d’équipe de prévention et de sécurité incendie,https://drhfpnc.gouv.nc/sites/default/files/atoms/files/12956362.PDF
"Prévention et sécurité",Chargé de sécurité,https://drhfpnc.gouv.nc/sites/default/files/atoms/files/12956360.PDF
"Prévention et sécurité",Agent de surveillance de la voie publique,https://drhfpnc.gouv.nc/sites/default/files/atoms/files/12956358.PDF
"Prévention et sécurité",Agent de sécurité anti-malveillance,https://drhfpnc.gouv.nc/sites/default/files/atoms/files/12956356.PDF
"Prévention et sécurité",Agent de prévention et de sécurité incendie,https://drhfpnc.gouv.nc/sites/default/files/atoms/files/12956354.PDF
"Prévention et sécurité",Agent de prévention et de médiation,https://drhfpnc.gouv.nc/sites/default/files/atoms/files/12956352.PDF
"Ressources Humaines",Gestionnaire administratif des ressources humaines,https://drhfpnc.gouv.nc/sites/default/files/atoms/files/12953282.PDF
"Ressources Humaines",Responsable de la gestion administrative des ressources humaines,https://drhfpnc.gouv.nc/sites/default/files/atoms/files/12953292.PDF
"Ressources Humaines",Responsable de formation,https://drhfpnc.gouv.nc/sites/default/files/atoms/files/12953296.PDF
"Ressources Humaines",Responsable de concours,https://drhfpnc.gouv.nc/sites/default/files/atoms/files/12953294.PDF
"Ressources Humaines",Psychologue du travail,https://drhfpnc.gouv.nc/sites/default/files/atoms/files/12953290.PDF
"Ressources Humaines",Gestionnaire des concours,https://drhfpnc.gouv.nc/sites/default/files/atoms/files/12953288.PDF
"Ressources Humaines",Gestionnaire de la paie,https://drhfpnc.gouv.nc/sites/default/files/atoms/files/12953286.PDF
"Ressources Humaines",Gestionnaire de formation,https://drhfpnc.gouv.nc/sites/default/files/atoms/files/12953284.PDF
"Ressources Humaines",Contrôleur de paie,https://drhfpnc.gouv.nc/sites/default/files/atoms/files/12953280.PDF
"Ressources Humaines",Conseiller en rmobilité et carrière,https://drhfpnc.gouv.nc/sites/default/files/atoms/files/12953276.PDF
"Ressources Humaines",Conseiller du système d' information des ressources humaines,https://drhfpnc.gouv.nc/sites/default/files/atoms/files/12953278.PDF
"Ressources Humaines",Chargé du recrutement,https://drhfpnc.gouv.nc/sites/default/files/atoms/files/12953272.PDF
"Ressources Humaines",Chargé de l'emploi et des compétences,https://drhfpnc.gouv.nc/sites/default/files/atoms/files/12953274.PDF
Restauration collective / hôtellerie,Responsable production culinaire,https://drhfpnc.gouv.nc/sites/default/files/atoms/files/12954768.PDF
Restauration collective / hôtellerie,Responsable hôtellerie/restauration,https://drhfpnc.gouv.nc/sites/default/files/atoms/files/12954720.PDF
Restauration collective / hôtellerie,Lingère,https://drhfpnc.gouv.nc/sites/default/files/atoms/files/12954718.PDF
Restauration collective / hôtellerie,Cuisinier,https://drhfpnc.gouv.nc/sites/default/files/atoms/files/12954716.PDF
Restauration collective / hôtellerie,Aide cuisinier,https://drhfpnc.gouv.nc/sites/default/files/atoms/files/12954714.PDF
Restauration collective / hôtellerie,Agent d'office,https://drhfpnc.gouv.nc/sites/default/files/atoms/files/12954576.PDF
Santé publique inspection et contrôle,Médecin inspecteur,https://drhfpnc.gouv.nc/sites/default/files/atoms/files/12953416.PDF
Santé publique inspection et contrôle,Pharmacien inspecteur,https://drhfpnc.gouv.nc/sites/default/files/atoms/files/12953418.PDF
Santé publique inspection et contrôle,Responsable de l'activité de contrôle et d'inspection,https://drhfpnc.gouv.nc/sites/default/files/atoms/files/12953420.PDF
Santé publique inspection et contrôle,Expert technique en analyse de risques sanitaires,https://drhfpnc.gouv.nc/sites/default/files/atoms/files/12953410.PDF
Santé publique inspection et contrôle,Contrôleur aux frontières,https://drhfpnc.gouv.nc/sites/default/files/atoms/files/12953400.PDF
Santé publique inspection et contrôle,Contrôleur des transports sanitaires terrestres,https://drhfpnc.gouv.nc/sites/default/files/atoms/files/12953402.PDF
Santé publique inspection et contrôle,Contrôleur en radioprotection,https://drhfpnc.gouv.nc/sites/default/files/atoms/files/12953408.PDF
Santé publique inspection et contrôle,Contrôleur en santé animale,https://drhfpnc.gouv.nc/sites/default/files/atoms/files/12953404.PDF
Santé publique inspection et contrôle,Contrôleur phytosanitaire,https://drhfpnc.gouv.nc/sites/default/files/atoms/files/12953406.PDF
Santé publique inspection et contrôle,Inspecteur des affaires sanitaires et sociales,https://drhfpnc.gouv.nc/sites/default/files/atoms/files/12953412.PDF
Santé publique inspection et contrôle,Inspecteur en sécurité sanitaire des aliments,https://drhfpnc.gouv.nc/sites/default/files/atoms/files/12953414.PDF
"Santé publique soins",Agent des services hospitaliers,https://drhfpnc.gouv.nc/sites/default/files/atoms/files/12952024.PDF
"Santé publique soins",Aide soignant,https://drhfpnc.gouv.nc/sites/default/files/atoms/files/12952026.PDF
"Santé publique soins",Ambulancier,https://drhfpnc.gouv.nc/sites/default/files/atoms/files/12952028.PDF
"Santé publique soins",Assistante dentaire,https://drhfpnc.gouv.nc/sites/default/files/atoms/files/12952030.PDF
"Santé publique soins",Auxiliaire de puériculture,https://drhfpnc.gouv.nc/sites/default/files/atoms/files/12952032.PDF
"Santé publique soins",Brancardier,https://drhfpnc.gouv.nc/sites/default/files/atoms/files/12952034.PDF
"Santé publique soins",Cadre de santé,https://drhfpnc.gouv.nc/sites/default/files/atoms/files/12952036.PDF
"Santé publique soins",Cadre d'unité de gynécologie obstétrique,https://drhfpnc.gouv.nc/sites/default/files/atoms/files/12952042.PDF
"Santé publique soins",Cadre supérieur de santé,https://drhfpnc.gouv.nc/sites/default/files/atoms/files/12952040.PDF
"Santé publique soins",Diététicien,https://drhfpnc.gouv.nc/sites/default/files/atoms/files/12952044.PDF
"Santé publique soins",Directeur des soins et des activités paramédicales,https://drhfpnc.gouv.nc/sites/default/files/atoms/files/12952046.PDF
"Santé publique soins",Ergotherapeute,https://drhfpnc.gouv.nc/sites/default/files/atoms/files/12952048.PDF
"Santé publique soins",Infirmier,https://drhfpnc.gouv.nc/sites/default/files/atoms/files/12952050.PDF
"Santé publique soins",Infirmier de bloc opératoire,https://drhfpnc.gouv.nc/sites/default/files/atoms/files/12952052.PDF
"Santé publique soins",Infirmier en puériculture,https://drhfpnc.gouv.nc/sites/default/files/atoms/files/12952054.PDF
"Santé publique soins",Manipulateur d'électroradiologie médicale,https://drhfpnc.gouv.nc/sites/default/files/atoms/files/12952056.PDF
"Santé publique soins",Masseur kinésitherapeute,https://drhfpnc.gouv.nc/sites/default/files/atoms/files/12952058.PDF
"Santé publique soins",Orthophoniste,https://drhfpnc.gouv.nc/sites/default/files/atoms/files/12952060.PDF
"Santé publique soins",Orthoptiste,https://drhfpnc.gouv.nc/sites/default/files/atoms/files/12952062.PDF
"Santé publique soins",Permanencier auxiliaire de régulation médicale,https://drhfpnc.gouv.nc/sites/default/files/atoms/files/12952064.PDF
"Santé publique soins",Podologue,https://drhfpnc.gouv.nc/sites/default/files/atoms/files/12952066.PDF
"Santé publique soins",Préparateur en pharmacie,https://drhfpnc.gouv.nc/sites/default/files/atoms/files/12952068.PDF
"Santé publique soins",Psychologue,https://drhfpnc.gouv.nc/sites/default/files/atoms/files/12952070.PDF
"Santé publique soins",Psychomotricien,https://drhfpnc.gouv.nc/sites/default/files/atoms/files/12952072.PDF
"Santé publique soins",Sage-femme,https://drhfpnc.gouv.nc/sites/default/files/atoms/files/12952074.PDF
"Santé publique soins",Cadre de secteur de gynécologie obstétrique,https://drhfpnc.gouv.nc/sites/default/files/atoms/files/12952038.PDF
Santé publique équipements de santé,Responsable biomédical,https://drhfpnc.gouv.nc/sites/default/files/atoms/files/12952218.PDF
"Santé publique équipements de santé",Technicien d'installation et de maintenance des équipements biomedicaux,https://drhfpnc.gouv.nc/sites/default/files/atoms/files/12952220.PDF
Système d'information,Administrateur de base de données,https://drhfpnc.gouv.nc/sites/default/files/atoms/files/12955298.PDF
Système d'information,Administrateur réseau,https://drhfpnc.gouv.nc/sites/default/files/atoms/files/12955300.PDF
Système d'information,Administrateur système,https://drhfpnc.gouv.nc/sites/default/files/atoms/files/12955302.PDF
Système d'information,Architecte infrastructure,https://drhfpnc.gouv.nc/sites/default/files/atoms/files/12955304.PDF
Système d'information,Architecte logiciel,https://drhfpnc.gouv.nc/sites/default/files/atoms/files/12955306.PDF
Système d'information,Chef de projet informatique et de systèmes d'information géographique,https://drhfpnc.gouv.nc/sites/default/files/atoms/files/12955312.PDF
Système d'information,Chef de projet maîtrise d’oeuvre système d’information,https://drhfpnc.gouv.nc/sites/default/files/atoms/files/12955310.PDF
Système d'information,Concepteur / développeur,https://drhfpnc.gouv.nc/sites/default/files/atoms/files/12955314.PDF
Système d'information,Concepteur / Développeur objet,https://drhfpnc.gouv.nc/sites/default/files/atoms/files/12955316.PDF
Système d'information,Directeur de projet du systèsme d'information,https://drhfpnc.gouv.nc/sites/default/files/atoms/files/12955318.PDF
Système d'information,Géomaticien,https://drhfpnc.gouv.nc/sites/default/files/atoms/files/12955504.PDF
Système d'information,Gestionnaire de parc informatique,https://drhfpnc.gouv.nc/sites/default/files/atoms/files/12955506.PDF
Système d'information,Intégrateur d'applications,https://drhfpnc.gouv.nc/sites/default/files/atoms/files/12955508.PDF
Système d'information,Intégrateur système,https://drhfpnc.gouv.nc/sites/default/files/atoms/files/12955510.PDF
Système d'information,Responsable de la sécurité des systèmes d’information (SSI),https://drhfpnc.gouv.nc/sites/default/files/atoms/files/12955512.PDF
Système d'information,Responsable du système d’information géographique (SIG),https://drhfpnc.gouv.nc/sites/default/files/atoms/files/12955514.PDF
Système d'information,Technicien de maintenance poste de travail,https://drhfpnc.gouv.nc/sites/default/files/atoms/files/12955518.PDF
Système d'information,Technicien d’exploitation,https://drhfpnc.gouv.nc/sites/default/files/atoms/files/12955516.PDF
Système d'information,Urbaniste du système d’information,https://drhfpnc.gouv.nc/sites/default/files/atoms/files/12955520.PDF
Système d'information,Administrateur d'applications,https://drhfpnc.gouv.nc/sites/default/files/atoms/files/12955296.PDF
Topographie et foncier,Responsable topographie et foncier,https://drhfpnc.gouv.nc/sites/default/files/atoms/files/12953430.PDF
Topographie et foncier,Opérateur géometre,https://drhfpnc.gouv.nc/sites/default/files/atoms/files/12953428.PDF
Topographie et foncier,Hydrographe,https://drhfpnc.gouv.nc/sites/default/files/atoms/files/12953426.PDF
Topographie et foncier,Gestionnaire technique topographie et foncier,https://drhfpnc.gouv.nc/sites/default/files/atoms/files/12953424.PDF
Topographie et foncier,Géomètre,https://drhfpnc.gouv.nc/sites/default/files/atoms/files/12953422.PDF
Transports terrestres et maritimes,Responsable de la gestion d’un réseau de transport,https://drhfpnc.gouv.nc/sites/default/files/atoms/files/12953854.PDF
Transports terrestres et maritimes,Passeur de bac,https://drhfpnc.gouv.nc/sites/default/files/atoms/files/12953852.PDF
Transports terrestres et maritimes,Officier machine,https://drhfpnc.gouv.nc/sites/default/files/atoms/files/12953850.PDF
Transports terrestres et maritimes,Officier de port,https://drhfpnc.gouv.nc/sites/default/files/atoms/files/12953848.PDF
Transports terrestres et maritimes,Officier de pont,https://drhfpnc.gouv.nc/sites/default/files/atoms/files/12953846.PDF
Transports terrestres et maritimes,Matelot,https://drhfpnc.gouv.nc/sites/default/files/atoms/files/12953844.PDF
Transports terrestres et maritimes,Lamaneur,https://drhfpnc.gouv.nc/sites/default/files/atoms/files/12953842.PDF
Transports terrestres et maritimes,Inspecteur de la sécurité des navires,https://drhfpnc.gouv.nc/sites/default/files/atoms/files/12953840.PDF
Transports terrestres et maritimes,Examinateur du permis de conduire et de la sécurité routière,https://drhfpnc.gouv.nc/sites/default/files/atoms/files/12953838.PDF
Transports terrestres et maritimes,Délégué au permis de conduire et à la sécurité routière,https://drhfpnc.gouv.nc/sites/default/files/atoms/files/12953836.PDF
Transports terrestres et maritimes,Contrôleur technique des véhicules,https://drhfpnc.gouv.nc/sites/default/files/atoms/files/12953832.PDF
Transports terrestres et maritimes,Contrôleur des transports routiers,https://drhfpnc.gouv.nc/sites/default/files/atoms/files/12953834.PDF
Transports terrestres et maritimes,Conducteur de véhicules de transport routier de personnes,https://drhfpnc.gouv.nc/sites/default/files/atoms/files/12953830.PDF
Transports terrestres et maritimes,Animateur de stratégie de sécurité routière,https://drhfpnc.gouv.nc/sites/default/files/atoms/files/12953828.PDF
Transports terrestres et maritimes,Agent d’exploitation,https://drhfpnc.gouv.nc/sites/default/files/atoms/files/12953826.PDF
Transports terrestres et maritimes,Agent de vente,https://drhfpnc.gouv.nc/sites/default/files/atoms/files/12953824.PDF
Travail,Conseiller du travail,https://drhfpnc.gouv.nc/sites/default/files/atoms/files/12955524.PDF
Travail,Conseiller en prévention,https://drhfpnc.gouv.nc/sites/default/files/atoms/files/12955526.PDF
Travail,Inspecteur/contrôleur du travail,https://drhfpnc.gouv.nc/sites/default/files/atoms/files/12955528.PDF
Travail,Médecin du travail,https://drhfpnc.gouv.nc/sites/default/files/atoms/files/12955534.PDF
Travail,Médecin inspecteur du travail,https://drhfpnc.gouv.nc/sites/default/files/atoms/files/12955530.PDF
Travail,Conciliateur du travail,https://drhfpnc.gouv.nc/sites/default/files/atoms/files/12955522.PDF
Urbanisme,Responsable urbanisme et aménagement,https://drhfpnc.gouv.nc/sites/default/files/atoms/files/12956122.PDF
Urbanisme,Instructeur des autorisations d'urbanisme,https://drhfpnc.gouv.nc/sites/default/files/atoms/files/12956120.PDF
Urbanisme,Conseiller en architecture et en urbanisme,https://drhfpnc.gouv.nc/sites/default/files/atoms/files/12956118.PDF
Urbanisme,Chef de projet aménagement urbain,https://drhfpnc.gouv.nc/sites/default/files/atoms/files/12956116.PDF
